{
  "ethexe/consensus/src/announces.rs": 1774614347.5168254,
  "ethexe/consensus/src/lib.rs": 1773242696.367272,
  "ethexe/consensus/src/tx_validation.rs": 1774614347.5170777,
  "ethexe/consensus/src/mock.rs": 1773906285.298175,
  "ethexe/consensus/src/utils.rs": 1774614347.5172818,
  "ethexe/consensus/src/validator/core.rs": 1774614347.5185008,
  "ethexe/consensus/src/validator/producer.rs": 1774614347.519673,
  "ethexe/consensus/src/validator/coordinator.rs": 1774614347.5182807,
  "ethexe/consensus/src/validator/subordinate.rs": 1773242696.368229,
  "ethexe/consensus/src/validator/mod.rs": 1774614347.5189204,
  "ethexe/consensus/src/validator/mock.rs": 1774614347.5186996,
  "ethexe/consensus/src/validator/initial.rs": 1773303608.4107974,
  "ethexe/consensus/src/validator/tx_pool.rs": 1774614347.5200763,
  "ethexe/consensus/src/validator/participant.rs": 1774614347.5193408,
  "ethexe/consensus/src/validator/batch/types.rs": 1774614347.5178058,
  "ethexe/consensus/src/validator/batch/manager.rs": 1774614347.5175092,
  "ethexe/consensus/src/validator/batch/mod.rs": 1774614347.5175955,
  "ethexe/consensus/src/validator/batch/tests.rs": 1774614347.5177283,
  "ethexe/consensus/src/validator/batch/filler.rs": 1774614347.517424,
  "ethexe/consensus/src/validator/batch/utils.rs": 1774614347.5179534,
  "ethexe/consensus/src/connect/mod.rs": 1773303608.409961,
  "ethexe/blob-loader/src/lib.rs": 1770278798.9152594,
  "ethexe/node-loader/src/batch.rs": 1775296570.6173794,
  "ethexe/node-loader/src/main.rs": 1775122205.4650874,
  "ethexe/node-loader/src/abi.rs": 1773041238.2470675,
  "ethexe/node-loader/src/args.rs": 1774614347.528956,
  "ethexe/node-loader/src/utils.rs": 1775296570.6177185,
  "ethexe/node-loader/src/batch/rpc_pool.rs": 1775296570.6176102,
  "ethexe/node-loader/src/batch/report.rs": 1773041238.2505324,
  "ethexe/node-loader/src/batch/context.rs": 1773041238.2504518,
  "ethexe/node-loader/src/batch/generator/batch.rs": 1772698642.3480804,
  "ethexe/node-loader/src/batch/generator/mod.rs": 1772698642.3482823,
  "ethexe/node-loader/src/batch/generator/seed.rs": 1772698642.3483334,
  "ethexe/node-loader/src/fuzz/mod.rs": 1775122205.4649613,
  "ethexe/node-loader/src/fuzz/cmd_gen.rs": 1772698642.3484683,
  "ethexe/processor/src/lib.rs": 1774614347.5307817,
  "ethexe/processor/src/tests.rs": 1774614347.5310354,
  "ethexe/processor/src/handling/events.rs": 1772698642.3490527,
  "ethexe/processor/src/handling/thread_pool.rs": 1773906285.3123631,
  "ethexe/processor/src/handling/run.rs": 1773906285.3122585,
  "ethexe/processor/src/handling/mod.rs": 1773906285.3117557,
  "ethexe/processor/src/handling/overlaid.rs": 1773906285.3118734,
  "ethexe/processor/src/host/runtime.rs": 1770278798.943054,
  "ethexe/processor/src/host/mod.rs": 1773242696.3810713,
  "ethexe/processor/src/host/context.rs": 1759133420.5117483,
  "ethexe/processor/src/host/threads.rs": 1773242696.3811905,
  "ethexe/processor/src/host/api/database.rs": 1770978058.2102222,
  "ethexe/processor/src/host/api/logging.rs": 1770278798.9420922,
  "ethexe/processor/src/host/api/promise.rs": 1773242696.3808417,
  "ethexe/processor/src/host/api/mod.rs": 1773242696.3807733,
  "ethexe/processor/src/host/api/allocator.rs": 1770278798.9415562,
  "ethexe/processor/src/host/api/lazy_pages.rs": 1770278798.9419234,
  "ethexe/processor/src/host/api/sandbox.rs": 1770278798.9426124,
  "ethexe/network/src/gossipsub.rs": 1772698642.3326635,
  "ethexe/network/src/kad.rs": 1773906285.310189,
  "ethexe/network/src/peer_score.rs": 1773906285.3108063,
  "ethexe/network/src/slots.rs": 1775296570.6167314,
  "ethexe/network/src/lib.rs": 1775296570.6163888,
  "ethexe/network/src/metrics.rs": 1772698642.3466444,
  "ethexe/network/src/injected.rs": 1773906285.3099637,
  "ethexe/network/src/utils.rs": 1775296570.6170797,
  "ethexe/network/src/db_sync/responses.rs": 1774614347.5284002,
  "ethexe/network/src/db_sync/mod.rs": 1774614347.5281007,
  "ethexe/network/src/db_sync/requests.rs": 1773906285.3097448,
  "ethexe/network/src/validator/list.rs": 1773303608.416136,
  "ethexe/network/src/validator/discovery.rs": 1775122205.4647975,
  "ethexe/network/src/validator/mod.rs": 1770278798.9392457,
  "ethexe/network/src/validator/topic.rs": 1772698642.347238,
  "ethexe/runtime/build.rs": 1770278798.9463656,
  "ethexe/runtime/common/src/journal.rs": 1774614347.531567,
  "ethexe/runtime/common/src/lib.rs": 1774614347.5318701,
  "ethexe/runtime/common/src/ext.rs": 1774614347.5313473,
  "ethexe/runtime/common/src/state.rs": 1770978058.2128234,
  "ethexe/runtime/common/src/schedule.rs": 1770278798.9472625,
  "ethexe/runtime/common/src/transitions.rs": 1773906285.3133163,
  "ethexe/runtime/src/lib.rs": 1759133420.5149772,
  "ethexe/runtime/src/wasm/storage.rs": 1773242696.3839822,
  "ethexe/runtime/src/wasm/interface/database.rs": 1770978058.2137086,
  "ethexe/runtime/src/wasm/interface/logging.rs": 1759133420.516252,
  "ethexe/runtime/src/wasm/interface/promise.rs": 1773242696.3838594,
  "ethexe/runtime/src/wasm/interface/mod.rs": 1773242696.3836043,
  "ethexe/runtime/src/wasm/interface/allocator.rs": 1759133420.516096,
  "ethexe/runtime/src/wasm/api/run.rs": 1770978058.213368,
  "ethexe/runtime/src/wasm/api/mod.rs": 1770978058.2131803,
  "ethexe/runtime/src/wasm/api/instrument.rs": 1764255576.3350625,
  "ethexe/observer/src/lib.rs": 1775122205.4652197,
  "ethexe/observer/src/sync.rs": 1773303608.416854,
  "ethexe/observer/src/tests.rs": 1774614347.5305018,
  "ethexe/observer/src/utils.rs": 1773303608.4173536,
  "ethexe/cli/build.rs": 1770278798.9158294,
  "ethexe/cli/src/lib.rs": 1770978058.1926122,
  "ethexe/cli/src/main.rs": 1759133420.4841,
  "ethexe/cli/src/utils.rs": 1770278798.9177947,
  "ethexe/cli/src/params/mod.rs": 1770978058.1927245,
  "ethexe/cli/src/params/ethereum.rs": 1775122205.4628963,
  "ethexe/cli/src/params/node.rs": 1774614347.5147343,
  "ethexe/cli/src/params/prometheus.rs": 1770978058.1931674,
  "ethexe/cli/src/params/network.rs": 1774614347.5146096,
  "ethexe/cli/src/params/rpc.rs": 1775296570.6160743,
  "ethexe/cli/src/commands/key.rs": 1770278798.9159882,
  "ethexe/cli/src/commands/check.rs": 1774614347.5140316,
  "ethexe/cli/src/commands/run.rs": 1775296570.615828,
  "ethexe/cli/src/commands/mod.rs": 1774614347.514281,
  "ethexe/cli/src/commands/tx.rs": 1775122205.4625738,
  "ethexe/common/src/gear.rs": 1774614347.5155692,
  "ethexe/common/src/primitives.rs": 1774614347.516175,
  "ethexe/common/src/validators.rs": 1773303608.4080453,
  "ethexe/common/src/lib.rs": 1773906285.2958791,
  "ethexe/common/src/db.rs": 1774614347.5152836,
  "ethexe/common/src/injected.rs": 1775122205.4633913,
  "ethexe/common/src/mock.rs": 1774614347.5158758,
  "ethexe/common/src/network.rs": 1770278798.9201272,
  "ethexe/common/src/hash.rs": 1773303608.4068708,
  "ethexe/common/src/consensus.rs": 1774614347.5150607,
  "ethexe/common/src/utils.rs": 1773303608.4078782,
  "ethexe/common/src/events/mirror.rs": 1773906285.2955596,
  "ethexe/common/src/events/mod.rs": 1772698642.3133445,
  "ethexe/common/src/events/router.rs": 1772698642.3134415,
  "ethexe/common/src/events/wvara.rs": 1770278798.9189951,
  "ethexe/compute/src/codes.rs": 1773906285.296449,
  "ethexe/compute/src/lib.rs": 1773906285.2970986,
  "ethexe/compute/src/service.rs": 1773906285.2972574,
  "ethexe/compute/src/prepare.rs": 1773303608.408995,
  "ethexe/compute/src/compute.rs": 1774614347.5164423,
  "ethexe/compute/src/tests.rs": 1773906285.2976303,
  "ethexe/sdk/src/mirror.rs": 1772698642.3498218,
  "ethexe/sdk/src/lib.rs": 1775296570.6196923,
  "ethexe/sdk/src/router.rs": 1770278798.9485557,
  "ethexe/sdk/src/wvara.rs": 1770978058.2147086,
  "ethexe/sdk/src/api.rs": 1770278798.9481738,
  "ethexe/scripts/update-clones-sol.rs": 1770978058.2143621,
  "ethexe/db/src/database.rs": 1774614347.5213013,
  "ethexe/db/src/lib.rs": 1774614347.5214725,
  "ethexe/db/src/rocks.rs": 1773303608.4136128,
  "ethexe/db/src/overlay.rs": 1774614347.5224252,